id,word
1,가게
2,가격
3,가구
4,가까이
5,가난
6,가능
7,가능성
8,가로
9,가로등
10,가로수
11,가루
12,가르침
13,가뭄
14,가방
15,가사
16,가상
17,가수
18,가스
19,가슴
20,가슴속
21,가요
22,가운데
23,가위
24,가을
25,가이드
26,가입
27,가입자
28,가장
29,가정
30,가정교사
31,가족
32,가죽
33,가지
34,가짜
35,가치
36,가치관
37,가톨릭
38,각각
39,각국
40,각오
41,각자
42,각종
43,간
44,간격
45,간부
46,간섭
47,간식
48,간장
49,간접
50,간접적
51,간판
52,간호
53,간호사
54,갈등
55,갈비
56,갈비탕
57,갈색
58,갈증
59,감
60,감각
61,감기
62,감독
63,감동
64,감동적
65,감사
66,감상
67,감소
68,감수성
69,감옥
70,감자
71,감정
72,감정적
73,갑
74,값
75,강
76,강남
77,강당
78,강도
79,강물
80,강변
81,강북
82,강사
83,강수량
84,강아지
85,강의
86,강제
87,강조
88,갖가지
89,개
90,개개인
91,개구리
92,개나리
93,개미
94,개방
95,개별
96,개선
97,개성
98,개인
99,개인적
100,객관적
101,거리
102,거실
103,거액
104,거울
105,거짓
106,거짓말
107,거품
108,걱정
109,건강
110,건너
111,건너편
112,건넌방
113,건물
114,건설
115,건조
116,건축
117,걷기
118,걸음
119,검사
120,검은색
121,검정색
122,검토
123,겁
124,겉
125,게
126,게시판
127,게임
128,겨울
129,겨울철
130,겨자
131,견해
132,결과
133,결과적
134,결국
135,결론
136,결석
137,결승
138,결심
139,결정
140,결혼
141,결혼식
142,경계
143,경고
144,경기
145,경기장
146,경력
147,경비
148,경영
149,경우
150,경쟁
151,경쟁력
152,경제
153,경제력
154,경제적
155,경제학
156,경찰
157,경찰관
158,경찰서
159,경치
160,경향
161,경험
162,곁
163,계곡
164,계단
165,계란
166,계산
167,계산기
168,계약
169,계절
170,계좌
171,계층
172,계획
173,고개
174,고객
175,고교
176,고구마
177,고궁
178,고급
179,고기
180,고등학교
181,고등학생
182,고모
183,고모부
184,고무신
185,고민
186,고생
187,고속
188,고속도로
189,고속버스
190,고양이
191,고장
192,고전
193,고집
194,고추
195,고추장
196,고춧가루
197,고통
198,고함
199,고향
200,곡
201,곡식
202,골
203,골목
204,골목길
205,골짜기
206,골치
207,골프
208,골프장
209,곰
210,곳
211,곳곳
212,공
213,공간
214,공개
215,공격
216,공공
217,공군
218,공급
219,공기
220,공동
221,공무원
222,공부
223,공사
224,공식
225,공식적
226,공업
227,공연
228,공연장
229,공원
230,공장
231,공주
232,공중
233,공중전화
234,공짜
235,공책
236,공통
237,공통적
238,공통점
239,공포
240,공항
241,공항버스
242,공해
243,공휴일
244,과
245,과거
246,과목
247,과외
248,과일
249,과자
250,과장
251,과정
252,과제
253,과학
254,과학자
255,과학적
256,관객
257,관계
258,관계자
259,관광
260,관광객
261,관광버스
262,관광지
263,관념
264,관람
265,관람객
266,관련
267,관리
268,관습
269,관심
270,관심사
271,관점
272,관찰
273,광경
274,광고
275,광장
276,괴로움
277,교과서
278,교내
279,교대
280,교류
281,교문
282,교복
283,교사
284,교수
285,교실
286,교양
287,교외
288,교육
289,교육비
290,교육자
291,교장
292,교재
293,교직
294,교체
295,교통
296,교통사고
297,교포
298,교환
299,교회
300,교훈
301,구
302,구경
303,구두
304,구름
305,구멍
306,구별
307,구분
308,구석
309,구석구석
310,구성
311,구속
312,구역
313,구월
314,구입
315,구조
316,구청
317,구체적
318,국
319,국가
320,국가적
321,국기
322,국내
323,국내선
324,국내외
325,국립
326,국물
327,국민
328,국민적
329,국사
330,국산
331,국수
332,국어
333,국왕
334,국적
335,국제
336,국제선
337,국제적
338,국제화
339,국회
340,국회의원
341,군
342,군대
343,군사
344,군인
345,궁극적
346,권리
347,권위
348,권투
349,귀
350,귀가
351,귀국
352,귀신
353,귓속
354,규모
355,규정
356,규칙
357,규칙적
358,균형
359,귤
360,그간
361,그날
362,그늘
363,그다음
364,그동안
365,그때
366,그래픽
367,그룹
368,그릇
369,그리움
370,그림
371,그림자
372,그사이
373,그저께
374,그전
375,그중
376,그해
377,극
378,극복
379,극작가
380,극장
381,근거
382,근교
383,근래
384,근로
385,근로자
386,근무
387,근본
388,근본적
389,근원
390,근육
391,근처
392,글
393,글쓰기
394,글씨
395,글자
396,금
397,금고
398,금년
399,금메달
400,금액
401,금연
402,금요일
403,금지
404,급
405,긍정적
406,기
407,기간
408,기계
409,기관
410,기구
411,기기
412,기념
413,기념일
414,기념품
415,기능
416,기대
417,기도
418,기독교
419,기둥
420,기록
421,기름
422,기법
423,기본
424,기본적
425,기분
426,기쁨
427,기사
428,기성
429,기성세대
430,기숙사
431,기술
432,기술자
433,기억
434,기업
435,기업인
436,기여
437,기온
438,기운
439,기원
440,기원전
441,기자
442,기적
443,기준
444,기차
445,기초
446,기초적
447,기침
448,기타
449,기호
450,기혼
451,기회
452,기획
453,기후
454,긴급
455,긴장
456,긴장감
457,길
458,길가
459,길거리
460,길이
461,김
462,김밥
463,김치
464,김치찌개
465,깊이
466,까닭
467,까만색
468,까치
469,깍두기
470,깡패
471,깨달음
472,깨소금
473,껌
474,껍질
475,꼬리
476,꼬마
477,꼭대기
478,꼴
479,꽃
480,꽃씨
481,꽃잎
482,꾸중
483,꿀
484,꿈
485,꿈속
486,끈
487,끝
488,끼
489,나들이
490,나라
491,나머지
492,나무
493,나물
494,나뭇가지
495,나뭇잎
496,나비
497,나이
498,나중
499,나침반
500,나흘
501,낙엽
502,낚시
503,낚시꾼
504,낚싯대
505,난리
506,난방
507,날
508,날개
509,날씨
510,날짜
511,남
512,남녀
513,남동생
514,남매
515,남부
516,남북
517,남성
518,남자
519,남쪽
520,남편
521,남학생
522,낭비
523,낮
524,낱말
525,내과
526,내년
527,내달
528,내부
529,내외
530,내용
531,내용물
532,내일
533,내적
534,내후년
535,냄비
536,냄새
537,냇물
538,냉동
539,냉면
540,냉방
541,냉장고
542,너머
543,네거리
544,넥타이
545,노동
546,노동자
547,노란색
548,노래
549,노래방
550,노랫소리
551,노력
552,노선
553,노인
554,노트
555,녹색
556,녹음
557,녹차
558,녹화
559,논
560,논리
561,논리적
562,논문
563,논쟁
564,놀이
565,놀이터
566,농구
567,농담
568,농민
569,농부
570,농사
571,농사일
572,농산물
573,농업
574,농장
575,농촌
576,높이
577,뇌
578,누나
579,눈
580,눈가
581,눈길
582,눈동자
583,눈물
584,눈병
585,눈빛
586,눈썹
587,눈앞
588,뉴스
589,느낌
590,늑대
591,능동적
592,능력
593,늦가을
594,다
595,다리
596,다방
597,다수
598,다양성
599,다음
600,다이어트
601,다툼
602,다행
603,단
604,단계
605,단골
606,단독
607,단맛
608,단순
609,단어
610,단위
611,단점
612,단지
613,단체
614,단추
615,단편
616,단풍
617,달
618,달걀
619,달러
620,달력
621,달리기
622,달빛
623,닭
624,닭고기
625,담
626,담당
627,담당자
628,담배
629,담요
630,담임
631,답
632,답변
633,답장
634,닷새
635,당근
636,당시
637,당장
638,대
639,대가
640,대개
641,대규모
642,대기
643,대기업
644,대낮
645,대다수
646,대답
647,대도시
648,대량
649,대륙
650,대문
651,대부분
652,대비
653,대사
654,대사관
655,대상자
656,대신
657,대응
658,대입
659,대접
660,대중
661,대중교통
662,대중문화
663,대중적
664,대책
665,대출
666,대통령
667,대표
668,대표적
669,대학
670,대학교
671,대학교수
672,대학생
673,대학원
674,대합실
675,대형
676,대화
677,대회
678,댁
679,댐
680,더위
681,덕
682,덕분
683,덩어리
684,데이트
685,도
686,도구
687,도덕
688,도둑
689,도로
690,도마
691,도망
692,도서관
693,도시
694,도시락
695,도심
696,도움
697,도움말
698,도입
699,도자기
700,도장
701,도전
702,도중
703,도착
704,독감
705,독립
706,독서
707,독일어
708,독창적
709,돈
710,돌
711,돌멩이
712,동그라미
713,동기
714,동네
715,동료
716,동물
717,동물원
718,동부
719,동생
720,동서
721,동서남북
722,동시
723,동아리
724,동안
725,동양
726,동양인
727,동의
728,동작
729,동전
730,동쪽
731,동창
732,동포
733,동행
734,동화
735,동화책
736,돼지
737,돼지고기
738,된장
739,된장찌개
740,두께
741,두뇌
742,두려움
743,두부
744,두통
745,둥지
746,뒤
747,뒤쪽
748,뒤편
749,뒷골목
750,뒷모습
751,뒷문
752,뒷산
753,드라마
754,들
755,등
756,등록
757,등록금
758,등록증
759,등산
760,등산로
761,등장
762,디스크
763,디자이너
764,디자인
765,따님
766,딸
767,딸기
768,딸아이
769,땀
770,땅
771,땅바닥
772,땅속
773,땅콩
774,때
775,떡
776,떡국
777,떡볶이
778,떼
779,뚜껑
780,뜰
781,뜻
782,뜻밖
783,라디오
784,라면
785,라운드
786,라이벌
787,라이터
788,라인
789,라켓
790,레몬
791,레스토랑
792,레이저
793,레저
794,렌즈
795,로봇
796,로터리
797,리그
798,리듬
799,마누라
800,마늘
801,마당
802,마디
803,마라톤
804,마련
805,마루
806,마무리
807,마사지
808,마약
809,마요네즈
810,마을
811,마음
812,마음가짐
813,마음속
814,마음씨
815,마이크
816,마중
817,마지막
818,마찬가지
819,마찰
820,마크
821,막걸리
822,막내
823,만남
824,만두
825,만세
826,만약
827,만일
828,만점
829,만족
830,만화
831,만화가
832,말
833,말기
834,말씀
835,말투
836,맘
837,맛
838,망원경
839,맞은편
840,매
841,매너
842,매력
843,매스컴
844,매일
845,매장
846,매체
847,맥주
848,머리
849,머리말
850,머리카락
851,머리칼
852,머릿속
853,먹이
854,먼지
855,멋
856,메뉴
857,메모
858,메시지
859,메일
860,며느리
861,며칠
862,면
863,면담
864,면적
865,면접
866,멸치
867,명단
868,명령
869,명령어
870,명예
871,명의
872,명절
873,명칭
874,명함
875,모기
876,모니터
877,모델
878,모두
879,모래
880,모레
881,모범
882,모습
883,모양
884,모임
885,모자
886,모집
887,모퉁이
888,목
889,목걸이
890,목록
891,목사
892,목소리
893,목숨
894,목요일
895,목욕
896,목욕탕
897,목적
898,목표
899,몸
900,몸매
901,몸무게
902,몸살
903,몸속
904,몸짓
905,몸통
906,못
907,묘사
908,무
909,무게
910,무관심
911,무궁화
912,무기
913,무늬
914,무대
915,무더위
916,무덤
917,무료
918,무릎
919,무리
920,무역
921,무용
922,무용가
923,무지개
924,문
925,문구
926,문밖
927,문법
928,문서
929,문자
930,문장
931,문제
932,문제점
933,문학
934,문학적
935,문화
936,문화재
937,문화적
938,물
939,물가
940,물건
941,물결
942,물고기
943,물기
944,물론
945,물리학
946,물속
947,물음
948,물질
949,물질적
950,물체
951,미
952,미니
953,미디어
954,미래
955,미만
956,미사일
957,미소
958,미술
959,미술관
960,미스
961,미역
962,미용실
963,미움
964,미인
965,미팅
966,미혼
967,민간
968,민속
969,민족
970,민주
971,민주주의
972,민주화
973,믿음
974,밀가루
975,밑
976,밑바닥
977,바
978,바가지
979,바구니
980,바깥
981,바깥쪽
982,바나나
983,바늘
984,바다
985,바닥
986,바닷가
987,바닷물
988,바람
989,바보
990,바위
991,바이러스
992,바이올린
993,바지
994,바퀴
995,바탕
996,박물관
997,박사
998,박수
999,박스
1000,밖
1001,반
1002,반대
1003,반대편
1004,반말
1005,반면
1006,반발
1007,반성
1008,반응
1009,반장
1010,반죽
1011,반지
1012,반찬
1013,받침
1014,발
1015,발가락
1016,발걸음
1017,발견
1018,발길
1019,발끝
1020,발달
1021,발등
1022,발레
1023,발목
1024,발바닥
1025,발생
1026,발음
1027,발자국
1028,발전
1029,발톱
1030,발표
1031,밤
1032,밤낮
1033,밤새
1034,밤색
1035,밤중
1036,밤하늘
1037,밥
1038,밥그릇
1039,밥맛
1040,밥상
1041,밥솥
1042,방
1043,방면
1044,방문
1045,방바닥
1046,방법
1047,방송
1048,방송국
1049,방송사
1050,방식
1051,방안
1052,방울
1053,방지
1054,방학
1055,방해
1056,방향
1057,밭
1058,배
1059,배경
1060,배구
1061,배꼽
1062,배달
1063,배드민턴
1064,배우
1065,배우자
1066,배추
1067,배추김치
1068,배치
1069,백색
1070,백성
1071,백인
1072,백화점
1073,뱀
1074,뱃사람
1075,버릇
1076,버섯
1077,버스
1078,버터
1079,버튼
1080,번개
1081,번역
1082,번지
1083,번호
1084,벌
1085,벌금
1086,벌레
1087,범위
1088,범인
1089,범죄
1090,법
1091,법률
1092,법원
1093,법적
1094,법칙
1095,베개
1096,벤치
1097,벨트
1098,벼
1099,벽
1100,변경
1101,변동
1102,변명
1103,변신
1104,변호사
1105,변화
1106,별
1107,별도
1108,별명
1109,별일
1110,병
1111,병실
1112,병아리
1113,병원
1114,보고
1115,보고서
1116,보관
1117,보너스
1118,보도
1119,보라색
1120,보람
1121,보름
1122,보리
1123,보상
1124,보수
1125,보수적
1126,보안
1127,보자기
1128,보장
1129,보전
1130,보조
1131,보존
1132,보통
1133,보편적
1134,보험
1135,보호
1136,복
1137,복도
1138,복사
1139,복사기
1140,복숭아
1141,복습
1142,볶음
1143,볶음밥
1144,본격적
1145,본래
1146,본부
1147,본사
1148,본성
1149,본인
1150,본질
1151,볼
1152,볼링
1153,볼일
1154,볼펜
1155,봄
1156,봉사
1157,봉지
1158,봉투
1159,부
1160,부근
1161,부끄러움
1162,부담
1163,부대
1164,부동산
1165,부모
1166,부모님
1167,부문
1168,부부
1169,부분
1170,부분적
1171,부상
1172,부서
1173,부엌
1174,부위
1175,부인
1176,부자
1177,부작용
1178,부잣집
1179,부장
1180,부재
1181,부정
1182,부정적
1183,부족
1184,부채
1185,부처
1186,부친
1187,부탁
1188,부품
1189,부피
1190,부회장
1191,북
1192,북부
1193,북쪽
1194,분노
1195,분량
1196,분리
1197,분석
1198,분야
1199,분위기
1200,분필
1201,분홍색
1202,불
1203,불고기
1204,불교
1205,불꽃
1206,불만
1207,불법
1208,불빛
1209,불안
1210,불이익
1211,불편
1212,불평
1213,불행
1214,브랜드
1215,블라우스
1216,비
1217,비교
1218,비극
1219,비난
1220,비누
1221,비닐
1222,비닐봉지
1223,비둘기
1224,비디오
1225,비만
1226,비명
1227,비밀
1228,비바람
1229,비빔밥
1230,비상
1231,비서
1232,비용
1233,비율
1234,비중
1235,비타민
1236,비판
1237,비판적
1238,비행
1239,비행기
1240,비행장
1241,빌딩
1242,빗
1243,빗물
1244,빗방울
1245,빗줄기
1246,빚
1247,빛
1248,빛깔
1249,빨간색
1250,빨래
1251,빵
1252,뺨
1253,뼈
1254,뿌리
1255,사건
1256,사계절
1257,사고
1258,사과
1259,사기
1260,사나이
1261,사냥
1262,사람
1263,사랑
1264,사례
1265,사립
1266,사망
1267,사모님
1268,사무
1269,사무소
1270,사무실
1271,사무직
1272,사물
1273,사방
1274,사상
1275,사생활
1276,사설
1277,사슴
1278,사실
1279,사업
1280,사업가
1281,사업자
1282,사용
1283,사용자
1284,사원
1285,사월
1286,사위
1287,사이
1288,사이사이
1289,사자
1290,사장
1291,사전
1292,사정
1293,사진
1294,사진기
1295,사촌
1296,사춘기
1297,사탕
1298,사투리
1299,사표
1300,사회
1301,사회생활
1302,사회자
1303,사회적
1304,사회주의
1305,사회학
1306,사흘
1307,산
1308,산길
1309,산부인과
1310,산소
1311,산속
1312,산업
1313,산책
1314,살
1315,살림
1316,살인
1317,삶
1318,삼계탕
1319,삼국
1320,삼월
1321,삼촌
1322,상
1323,상관
1324,상금
1325,상담
1326,상당
1327,상당수
1328,상대
1329,상대방
1330,상대성
1331,상대적
1332,상대편
1333,상류
1334,상반기
1335,상상
1336,상상력
1337,상식
1338,상업
1339,상인
1340,상자
1341,상점
1342,상징적
1343,상처
1344,상추
1345,상태
1346,상표
1347,상품
1348,상황
1349,새
1350,새끼
1351,새벽
1352,새소리
1353,새우
1354,새해
1355,색
1356,색깔
1357,색연필
1358,샌드위치
1359,생
1360,생각
1361,생기
1362,생명
1363,생물
1364,생방송
1365,생산
1366,생산력
1367,생산자
1368,생선
1369,생신
1370,생일
1371,생활
1372,생활비
1373,생활수준
1374,생활용품
1375,생활환경
1376,샤워
1377,서구
1378,서랍
1379,서로
1380,서류
1381,서명
1382,서민
1383,서부
1384,서비스
1385,서양
1386,서양인
1387,서적
1388,서점
1389,서쪽
1390,서클
1391,석사
1392,석유
1393,선
1394,선거
1395,선물
1396,선배
1397,선생
1398,선생님
1399,선수
1400,선원
1401,선장
1402,선전
1403,선진
1404,선진국
1405,선택
1406,선풍기
1407,설거지
1408,설날
1409,설렁탕
1410,설명
1411,설문
1412,설치
1413,설탕
1414,섬
1415,섭씨
1416,성
1417,성격
1418,성경
1419,성공
1420,성공적
1421,성당
1422,성명
1423,성별
1424,성인
1425,성장
1426,성적
1427,성질
1428,성함
1429,세계
1430,세계관
1431,세계적
1432,세금
1433,세기
1434,세대
1435,세로
1436,세미나
1437,세상
1438,세수
1439,세월
1440,세제
1441,세탁
1442,세탁기
1443,세탁소
1444,세트
1445,센터
1446,소
1447,소개
1448,소규모
1449,소극적
1450,소금
1451,소나기
1452,소나무
1453,소녀
1454,소년
1455,소득
1456,소리
1457,소망
1458,소매
1459,소문
1460,소비
1461,소비자
1462,소설
1463,소설가
1464,소속
1465,소수
1466,소스
1467,소시지
1468,소식
1469,소아과
1470,소용
1471,소원
1472,소유
1473,소유자
1474,소음
1475,소재
1476,소주
1477,소지품
1478,소질
1479,소파
1480,소포
1481,소풍
1482,소프트웨어
1483,소형
1484,소화
1485,속
1486,속담
1487,속도
1488,속마음
1489,속옷
1490,손
1491,손가락
1492,손길
1493,손녀
1494,손님
1495,손등
1496,손목
1497,손바닥
1498,손발
1499,손뼉
1500,손수건
1501,손실
1502,손자
1503,손잡이
1504,손질
1505,손톱
1506,손해
1507,솜
1508,솜씨
1509,송아지
1510,송이
1511,송편
1512,쇠
1513,쇠고기
1514,쇼
1515,쇼핑
1516,수
1517,수건
1518,수고
1519,수년
1520,수단
1521,수도
1522,수도권
1523,수도꼭지
1524,수돗물
1525,수동적
1526,수면
1527,수명
1528,수박
1529,수상
1530,수석
1531,수술
1532,수업
1533,수염
1534,수영
1535,수영장
1536,수요
1537,수요일
1538,수입
1539,수입품
1540,수저
1541,수준
1542,수집
1543,수출
1544,수컷
1545,수표
1546,수필
1547,수학
1548,수험생
1549,수화기
1550,숙녀
1551,숙소
1552,숙제
1553,순간
1554,순간적
1555,순서
1556,순수
1557,순식간
1558,순위
1559,숟가락
1560,술
1561,술병
1562,술자리
1563,술잔
1564,술집
1565,숨
1566,숫자
1567,숲
1568,슈퍼마켓
1569,스님
1570,스스로
1571,스승
1572,스웨터
1573,스위치
1574,스케이트
1575,스케줄
1576,스키
1577,스키장
1578,스타
1579,스타일
1580,스튜디오
1581,스트레스
1582,스포츠
1583,슬픔
1584,습관
1585,습기
1586,승객
1587,승리
1588,승부
1589,승용차
1590,승진
1591,시
1592,시각
1593,시간
1594,시계
1595,시골
1596,시금치
1597,시기
1598,시나리오
1599,시내
1600,시내버스
1601,시대
1602,시대적
1603,시댁
1604,시도
1605,시디
1606,시디롬
1607,시리즈
1608,시멘트
1609,시민
1610,시부모
1611,시선
1612,시설
1613,시스템
1614,시아버지
1615,시야
1616,시어머니
1617,시외
1618,시외버스
1619,시월
1620,시위
1621,시인
1622,시일
1623,시작
1624,시장
1625,시절
1626,시점
1627,시중
1628,시즌
1629,시집
1630,시청
1631,시청률
1632,시청자
1633,시합
1634,시험
1635,식구
1636,식기
1637,식당
1638,식량
1639,식료품
1640,식물
1641,식빵
1642,식사
1643,식생활
1644,식욕
1645,식용유
1646,식초
1647,식탁
1648,식품
1649,식품점
1650,신
1651,신경
1652,신고
1653,신규
1654,신념
1655,신랑
1656,신문
1657,신문사
1658,신문지
1659,신발
1660,신부
1661,신분
1662,신비
1663,신사
1664,신설
1665,신세
1666,신세대
1667,신용
1668,신인
1669,신입생
1670,신제품
1671,신청
1672,신청서
1673,신체
1674,신체적
1675,신호
1676,신호등
1677,신혼부부
1678,신혼여행
1679,신화
1680,실
1681,실감
1682,실내
1683,실력
1684,실례
1685,실망
1686,실수
1687,실습
1688,실시
1689,실장
1690,실정
1691,실제
1692,실질적
1693,실천
1694,실체
1695,실태
1696,실패
1697,실험
1698,실현
1699,심리
1700,심리적
1701,심부름
1702,심사
1703,심장
1704,심정
1705,심판
1706,십이월
1707,십일월
1708,싸구려
1709,싸움
1710,싼값
1711,쌀
1712,쌍
1713,쌍둥이
1714,쓰레기
1715,쓰레기통
1716,쓴맛
1717,씨
1718,씨름
1719,씨앗
1720,아가씨
1721,아기
1722,아까
1723,아나운서
1724,아내
1725,아드님
1726,아들
1727,아래
1728,아래쪽
1729,아래층
1730,아랫사람
1731,아르바이트
1732,아무것
1733,아버님
1734,아버지
1735,아빠
1736,아쉬움
1737,아스팔트
1738,아이
1739,아이디어
1740,아이스크림
1741,아저씨
1742,아주머니
1743,아줌마
1744,아침
1745,아파트
1746,아픔
1747,악기
1748,악몽
1749,악수
1750,안
1751,안개
1752,안경
1753,안과
1754,안내
1755,안방
1756,안부
1757,안전
1758,안정
1759,안주
1760,안쪽
1761,안팎
1762,알
1763,알루미늄
1764,알코올
1765,암
1766,암시
1767,암컷
1768,압력
1769,앞
1770,앞길
1771,앞날
1772,앞뒤
1773,앞문
1774,앞바다
1775,앞쪽
1776,애
1777,애인
1778,애정
1779,애초
1780,액세서리
1781,액수
1782,앨범
1783,야간
1784,야구
1785,야구장
1786,야단
1787,야외
1788,야채
1789,약
1790,약간
1791,약국
1792,약속
1793,약수
1794,약점
1795,약품
1796,약혼녀
1797,약혼자
1798,양
1799,양국
1800,양념
1801,양력
1802,양말
1803,양배추
1804,양보
1805,양복
1806,양상추
1807,양식
1808,양심
1809,양옆
1810,양주
1811,양쪽
1812,양파
1813,얘기
1814,어깨
1815,어둠
1816,어려움
1817,어른
1818,어린아이
1819,어린애
1820,어린이
1821,어린이날
1822,어머니
1823,어머님
1824,어저께
1825,어제
1826,어젯밤
1827,언니
1828,언덕
1829,언론
1830,언어
1831,얼굴
1832,얼마
1833,얼마간
1834,얼음
1835,엄마
1836,업무
1837,업종
1838,업체
1839,엉덩이
1840,엉망
1841,엉터리
1842,에너지
1843,에어컨
1844,엔진
1845,엘리베이터
1846,여
1847,여가
1848,여건
1849,여고생
1850,여관
1851,여군
1852,여권
1853,여기저기
1854,여대생
1855,여동생
1856,여럿
1857,여론
1858,여름
1859,여름철
1860,여성
1861,여왕
1862,여우
1863,여유
1864,여인
1865,여자
1866,여직원
1867,여학생
1868,여행
1869,여행사
1870,역
1871,역사
1872,역사가
1873,역사상
1874,역사적
1875,역사학
1876,역할
1877,연간
1878,연결
1879,연관
1880,연구
1881,연구소
1882,연구실
1883,연구원
1884,연구자
1885,연극
1886,연기
1887,연기자
1888,연두색
1889,연락
1890,연락처
1891,연령
1892,연말
1893,연설
1894,연세
1895,연속
1896,연습
1897,연애
1898,연예인
1899,연인
1900,연장
1901,연주
1902,연출
1903,연필
1904,연합
1905,연휴
1906,열
1907,열기
1908,열매
1909,열쇠
1910,열정
1911,열차
1912,열흘
1913,염려
1914,엽서
1915,영남
1916,영상
1917,영양
1918,영어
1919,영업
1920,영역
1921,영웅
1922,영하
1923,영향
1924,영향력
1925,영혼
1926,영화
1927,영화관
1928,영화배우
1929,영화제
1930,옆
1931,옆구리
1932,옆방
1933,옆집
1934,예
1935,예감
1936,예금
1937,예방
1938,예보
1939,예비
1940,예산
1941,예상
1942,예선
1943,예술
1944,예술가
1945,예술적
1946,예습
1947,예식장
1948,예약
1949,예외
1950,예의
1951,예전
1952,예절
1953,예정
1954,옛날
1955,옛날이야기
1956,오늘
1957,오늘날
1958,오락
1959,오래간만
1960,오래전
1961,오랜만
1962,오랫동안
1963,오렌지
1964,오른발
1965,오른손
1966,오른쪽
1967,오리
1968,오븐
1969,오빠
1970,오염
1971,오월
1972,오이
1973,오전
1974,오징어
1975,오페라
1976,오피스텔
1977,오해
1978,오후
1979,옥상
1980,옥수수
1981,온도
1982,온돌
1983,온라인
1984,온몸
1985,온종일
1986,올
1987,올가을
1988,올림픽
1989,올여름
1990,올해
1991,옷
1992,옷차림
1993,와이셔츠
1994,와인
1995,완성
1996,완전
1997,왕
1998,왕비
1999,왕자
2000,외갓집
2001,외과
2002,외교
2003,외교관
2004,외국
2005,외국어
2006,외국인
2007,외로움
2008,외모
2009,외부
2010,외삼촌
2011,외아들
2012,외제
2013,외출
2014,외침
2015,외할머니
2016,외할아버지
2017,왼발
2018,왼손
2019,왼쪽
2020,요구
2021,요금
2022,요리
2023,요리사
2024,요새
2025,요일
2026,요즈음
2027,요즘
2028,요청
2029,욕
2030,욕실
2031,욕심
2032,용
2033,용기
2034,용도
2035,용돈
2036,용서
2037,용어
2038,우려
2039,우리나라
2040,우리말
2041,우산
2042,우승
2043,우유
2044,우정
2045,우주
2046,우체국
2047,우편
2048,우표
2049,운
2050,운동
2051,운동복
2052,운동장
2053,운동화
2054,운명
2055,운반
2056,운전
2057,운전기사
2058,운전사
2059,운전자
2060,운행
2061,울음
2062,울음소리
2063,움직임
2064,웃어른
2065,웃음
2066,웃음소리
2067,원
2068,원고
2069,원래
2070,원서
2071,원숭이
2072,원인
2073,원장
2074,원피스
2075,월급
2076,월드컵
2077,월세
2078,월요일
2079,웨이터
2080,웬일
2081,위
2082,위기
2083,위로
2084,위반
2085,위법
2086,위성
2087,위아래
2088,위원
2089,위원장
2090,위주
2091,위쪽
2092,위층
2093,위치
2094,위험
2095,위험성
2096,위협
2097,윗몸
2098,윗사람
2099,유교
2100,유리
2101,유리창
2102,유머
2103,유명
2104,유물
2105,유산
2106,유월
2107,유적
2108,유적지
2109,유치원
2110,유학
2111,유학생
2112,유행
2113,유형
2114,육군
2115,육상
2116,육체
2117,육체적
2118,은
2119,은행
2120,은행나무
2121,음력
2122,음료
2123,음료수
2124,음반
2125,음성
2126,음식
2127,음식물
2128,음식점
2129,음악
2130,음악가
2131,음주
2132,의견
2133,의논
2134,의도
2135,의도적
2136,의류
2137,의무
2138,의문
2139,의미
2140,의복
2141,의사
2142,의식
2143,의심
2144,의욕
2145,의원
2146,의자
2147,의지
2148,의학
2149,이
2150,이것저것
2151,이곳저곳
2152,이날
2153,이내
2154,이념
2155,이다음
2156,이달
2157,이데올로기
2158,이동
2159,이때
2160,이력서
2161,이론적
2162,이름
2163,이마
2164,이모
2165,이미지
2166,이민
2167,이발소
2168,이번
2169,이별
2170,이불
2171,이빨
2172,이사
2173,이사장
2174,이상
2175,이상적
2176,이성
2177,이슬
2178,이야기
2179,이외
2180,이용
2181,이용자
2182,이웃
2183,이웃집
2184,이월
2185,이유
2186,이익
2187,이자
2188,이전
2189,이제
2190,이중
2191,이튿날
2192,이틀
2193,이하
2194,이해
2195,이해관계
2196,이혼
2197,이후
2198,인
2199,인간
2200,인간관계
2201,인간성
2202,인간적
2203,인격
2204,인공
2205,인구
2206,인근
2207,인기
2208,인도
2209,인류
2210,인물
2211,인사
2212,인사말
2213,인삼
2214,인삼차
2215,인상
2216,인상적
2217,인생
2218,인쇄
2219,인연
2220,인원
2221,인재
2222,인제
2223,인종
2224,인체
2225,인터넷
2226,인터뷰
2227,인하
2228,인형
2229,일
2230,일기
2231,일등
2232,일반
2233,일반인
2234,일반적
2235,일본어
2236,일부
2237,일상
2238,일상생활
2239,일상적
2240,일생
2241,일손
2242,일시적
2243,일식
2244,일쑤
2245,일요일
2246,일월
2247,일자
2248,일자리
2249,일정
2250,일종
2251,일주일
2252,일체
2253,일치
2254,일행
2255,일회용
2256,일회용품
2257,임금
2258,임무
2259,임시
2260,임신
2261,임신부
2262,입
2263,입구
2264,입국
2265,입대
2266,입력
2267,입맛
2268,입사
2269,입술
2270,입시
2271,입원
2272,입장
2273,입학
2274,잎
2275,자
2276,자가용
2277,자격
2278,자격증
2279,자극
2280,자기
2281,자녀
2282,자동
2283,자동차
2284,자랑
2285,자료
2286,자리
2287,자매
2288,자부심
2289,자살
2290,자세
2291,자식
2292,자신
2293,자신감
2294,자연
2295,자연적
2296,자연현상
2297,자연환경
2298,자원
2299,자유
2300,자율
2301,자장면
2302,자전거
2303,자정
2304,자존심
2305,자체
2306,자취
2307,자판
2308,자판기
2309,작가
2310,작년
2311,작성
2312,작업
2313,작용
2314,작은딸
2315,작은아들
2316,작은아버지
2317,작은어머니
2318,작품
2319,잔
2320,잔디
2321,잔디밭
2322,잔치
2323,잘못
2324,잠
2325,잠깐
2326,잠바
2327,잠수함
2328,잠시
2329,잠옷
2330,잠자리
2331,잡지
2332,장
2333,장가
2334,장갑
2335,장관
2336,장군
2337,장기간
2338,장기적
2339,장난
2340,장난감
2341,장남
2342,장래
2343,장례
2344,장례식
2345,장르
2346,장마
2347,장면
2348,장모
2349,장모님
2350,장미
2351,장비
2352,장사
2353,장사꾼
2354,장소
2355,장수
2356,장식
2357,장애인
2358,장인
2359,장점
2360,장학금
2361,재능
2362,재료
2363,재미
2364,재산
2365,재생
2366,재수
2367,재작년
2368,재정
2369,재주
2370,재즈
2371,재채기
2372,재판
2373,재학
2374,재활용
2375,재활용품
2376,저고리
2377,저녁
2378,저녁때
2379,저번
2380,저울
2381,저자
2382,저축
2383,적
2384,적극
2385,적극적
2386,적성
2387,적용
2388,적응
2389,전
2390,전개
2391,전공
2392,전구
2393,전국
2394,전국적
2395,전기
2396,전기밥솥
2397,전날
2398,전달
2399,전망
2400,전문
2401,전문가
2402,전문적
2403,전문점
2404,전문직
2405,전반
2406,전반적
2407,전부
2408,전선
2409,전설
2410,전세
2411,전시
2412,전시장
2413,전시회
2414,전용
2415,전자
2416,전쟁
2417,전철
2418,전체
2419,전체적
2420,전통
2421,전통문화
2422,전통적
2423,전화
2424,전화기
2425,전화번호
2426,전환
2427,전후
2428,절
2429,절대
2430,절대적
2431,절망
2432,절반
2433,절약
2434,절차
2435,젊은이
2436,젊음
2437,점
2438,점검
2439,점수
2440,점심
2441,점심때
2442,점심시간
2443,점원
2444,접근
2445,접시
2446,접촉
2447,젓가락
2448,정
2449,정거장
2450,정기
2451,정기적
2452,정답
2453,정당
2454,정도
2455,정류장
2456,정리
2457,정말
2458,정면
2459,정문
2460,정반대
2461,정보
2462,정보화
2463,정부
2464,정비
2465,정상
2466,정상적
2467,정성
2468,정식
2469,정신
2470,정신과
2471,정신적
2472,정오
2473,정원
2474,정장
2475,정지
2476,정치
2477,정치권
2478,정치인
2479,정치적
2480,정치학
2481,젖
2482,제공
2483,제과점
2484,제도적
2485,제목
2486,제비
2487,제사
2488,제삿날
2489,제시
2490,제안
2491,제약
2492,제의
2493,제일
2494,제자
2495,제자리
2496,제작
2497,제출
2498,제품
2499,제한
2500,조
2501,조각
2502,조개
2503,조건
2504,조금
2505,조기
2506,조깅
2507,조명
2508,조미료
2509,조사
2510,조상
2511,조절
2512,조정
2513,조직
2514,조카
2515,존댓말
2516,존재
2517,졸업
2518,졸업생
2519,졸음
2520,종
2521,종교
2522,종교적
2523,종류
2524,종소리
2525,종업원
2526,종이
2527,종이컵
2528,종일
2529,종합
2530,좌석
2531,좌우
2532,죄
2533,죄인
2534,주
2535,주거
2536,주관적
2537,주름
2538,주름살
2539,주말
2540,주머니
2541,주먹
2542,주문
2543,주민
2544,주방
2545,주변
2546,주부
2547,주사
2548,주소
2549,주스
2550,주식
2551,주요
2552,주위
2553,주의
2554,주인
2555,주인공
2556,주장
2557,주전자
2558,주제
2559,주차
2560,주차장
2561,주택
2562,주한
2563,죽
2564,죽음
2565,준비
2566,준비물
2567,줄
2568,줄거리
2569,줄기
2570,줄무늬
2571,중간
2572,중계방송
2573,중국어
2574,중국집
2575,중년
2576,중단
2577,중독
2578,중반
2579,중부
2580,중세
2581,중소기업
2582,중순
2583,중식
2584,중심
2585,중심지
2586,중앙
2587,중요
2588,중요성
2589,중학교
2590,중학생
2591,쥐
2592,즉석
2593,즉시
2594,즐거움
2595,증가
2596,증거
2597,증권
2598,증권사
2599,증상
2600,증세
2601,지각
2602,지갑
2603,지구
2604,지금
2605,지급
2606,지난날
2607,지난달
2608,지난번
2609,지난주
2610,지난해
2611,지능
2612,지대
2613,지도
2614,지도자
2615,지름길
2616,지방
2617,지붕
2618,지속적
2619,지시
2620,지식
2621,지식인
2622,지역
2623,지우개
2624,지원
2625,지위
2626,지적
2627,지점
2628,지지
2629,지진
2630,지출
2631,지폐
2632,지하
2633,지하도
2634,지하철
2635,지혜
2636,직선
2637,직업
2638,직원
2639,직장
2640,직장인
2641,직전
2642,직접
2643,직접적
2644,직후
2645,진급
2646,진단
2647,진달래
2648,진동
2649,진로
2650,진료
2651,진리
2652,진실
2653,진심
2654,진짜
2655,진찰
2656,진출
2657,진통
2658,진행
2659,진행자
2660,질
2661,질문
2662,질병
2663,질서
2664,질적
2665,짐
2666,짐작
2667,집
2668,집단
2669,집단적
2670,집안
2671,집안일
2672,집중
2673,집중적
2674,짓
2675,짜증
2676,짝
2677,쪽
2678,찌개
2679,찌꺼기
2680,차
2681,차남
2682,차량
2683,차례
2684,차림
2685,차별
2686,차선
2687,차이
2688,차이점
2689,차창
2690,착각
2691,찬물
2692,찬성
2693,참가
2694,참기름
2695,참새
2696,참석
2697,참석자
2698,참여
2699,참외
2700,참조
2701,찻잔
2702,창
2703,창가
2704,창고
2705,창구
2706,창문
2707,창밖
2708,창작
2709,창조
2710,창조적
2711,채널
2712,채소
2713,채점
2714,책
2715,책가방
2716,책방
2717,책상
2718,책임
2719,책임감
2720,책임자
2721,챔피언
2722,처녀
2723,처리
2724,처벌
2725,처음
2726,처지
2727,천
2728,천국
2729,천둥
2730,천장
2731,천재
2732,철
2733,철도
2734,철학
2735,철학자
2736,철학적
2737,첫날
2738,청년
2739,청바지
2740,청소
2741,청소기
2742,청소년
2743,청춘
2744,체계적
2745,체력
2746,체온
2747,체육
2748,체육관
2749,체조
2750,체중
2751,체험
2752,초기
2753,초대
2754,초등학교
2755,초등학생
2756,초록색
2757,초반
2758,초밥
2759,초보
2760,초보자
2761,초상화
2762,초순
2763,초여름
2764,초원
2765,초저녁
2766,초점
2767,초청
2768,초청장
2769,초콜릿
2770,촛불
2771,총
2772,총각
2773,총리
2774,총장
2775,촬영
2776,최고
2777,최고급
2778,최근
2779,최대
2780,최대한
2781,최상
2782,최선
2783,최소
2784,최소한
2785,최신
2786,최악
2787,최저
2788,최종
2789,최초
2790,최후
2791,추가
2792,추석
2793,추억
2794,추위
2795,추진
2796,추천
2797,추측
2798,축구
2799,축구공
2800,축구장
2801,축소
2802,축제
2803,축하
2804,출구
2805,출국
2806,출근
2807,출발
2808,출발점
2809,출산
2810,출신
2811,출연
2812,출입
2813,출입국
2814,출입문
2815,출장
2816,출퇴근
2817,출판
2818,출판사
2819,춤
2820,충격
2821,충격적
2822,충고
2823,충돌
2824,취미
2825,취소
2826,취업
2827,취재
2828,취직
2829,취향
2830,층
2831,치과
2832,치료
2833,치료법
2834,치마
2835,치아
2836,치약
2837,치즈
2838,친구
2839,친절
2840,친정
2841,친척
2842,칠월
2843,칠판
2844,침
2845,침대
2846,침묵
2847,침실
2848,칫솔
2849,칭찬
2850,카드
2851,카레
2852,카메라
2853,카운터
2854,카페
2855,칸
2856,칼
2857,칼국수
2858,캐릭터
2859,캠퍼스
2860,캠페인
2861,커튼
2862,커피
2863,컨디션
2864,컬러
2865,컴퓨터
2866,컵
2867,케첩
2868,코
2869,코끝
2870,코끼리
2871,코너
2872,코드
2873,코미디
2874,코스
2875,코스모스
2876,코치
2877,코트
2878,코피
2879,콘서트
2880,콜라
2881,콤플렉스
2882,콩
2883,콩나물
2884,쾌감
2885,쿠데타
2886,크기
2887,크리스마스
2888,크림
2889,큰길
2890,큰딸
2891,큰소리
2892,큰아들
2893,큰아버지
2894,큰어머니
2895,큰일
2896,큰절
2897,클래식
2898,클럽
2899,키
2900,키스
2901,타락
2902,타입
2903,타자기
2904,탁구
2905,탁자
2906,탄생
2907,탑
2908,탓
2909,태권도
2910,태도
2911,태아
2912,태양
2913,태풍
2914,택시
2915,탤런트
2916,터
2917,터널
2918,터미널
2919,턱
2920,털
2921,테니스
2922,테러
2923,테스트
2924,테이블
2925,테이프
2926,텍스트
2927,텔레비전
2928,토끼
2929,토대
2930,토론
2931,토론자
2932,토론회
2933,토마토
2934,토요일
2935,통
2936,통계
2937,통과
2938,통로
2939,통신
2940,통역
2941,통일
2942,통장
2943,통제
2944,통증
2945,통합
2946,통화
2947,퇴근
2948,퇴원
2949,퇴직금
2950,투자
2951,투표
2952,튀김
2953,트럭
2954,특급
2955,특별
2956,특성
2957,특수
2958,특수성
2959,특징
2960,틀
2961,틈
2962,티브이
2963,티셔츠
2964,팀
2965,파
2966,파도
2967,파란색
2968,파리
2969,파일
2970,파출소
2971,파티
2972,판
2973,판결
2974,판단
2975,판매
2976,판사
2977,팔
2978,팔월
2979,팝송
2980,패션
2981,팩
2982,팩스
2983,팩시밀리
2984,팬
2985,팬티
2986,페인트
2987,편견
2988,편의
2989,편의점
2990,편지
2991,평
2992,평가
2993,평균
2994,평상시
2995,평생
2996,평소
2997,평일
2998,평화
2999,폐지
3000,포도
3001,포도주
3002,포스터
3003,포인트
3004,포장
3005,포장마차
3006,포크
3007,포함
3008,폭
3009,폭력
3010,표
3011,표면
3012,표시
3013,표정
3014,표준
3015,표현
3016,풀
3017,품
3018,품목
3019,품질
3020,풍경
3021,풍속
3022,풍습
3023,프로
3024,프로그램
3025,프린터
3026,플라스틱
3027,피
3028,피곤
3029,피디
3030,피로
3031,피망
3032,피부
3033,피시
3034,피아노
3035,피자
3036,피해
3037,피해자
3038,필름
3039,필수
3040,필수적
3041,필연적
3042,필요
3043,필요성
3044,필자
3045,필통
3046,핑계
3047,하
3048,하나
3049,하나님
3050,하나하나
3051,하느님
3052,하늘
3053,하드웨어
3054,하루
3055,하룻밤
3056,하반기
3057,하숙집
3058,하순
3059,하얀색
3060,하천
3061,하품
3062,학과
3063,학교
3064,학교생활
3065,학급
3066,학기
3067,학년
3068,학력
3069,학번
3070,학부모
3071,학비
3072,학생
3073,학생증
3074,학술
3075,학습
3076,학용품
3077,학원
3078,학위
3079,학자
3080,학점
3081,한
3082,한가운데
3083,한겨울
3084,한계
3085,한구석
3086,한국말
3087,한국어
3088,한국적
3089,한글
3090,한글날
3091,한낮
3092,한눈
3093,한동안
3094,한때
3095,한마디
3096,한문
3097,한밤중
3098,한번
3099,한복
3100,한순간
3101,한숨
3102,한식
3103,한여름
3104,한자
3105,한잔
3106,한쪽
3107,한참
3108,한편
3109,한평생
3110,할머니
3111,할아버지
3112,할인
3113,합격
3114,합리적
3115,항공
3116,항공기
3117,항구
3118,항의
3119,해
3120,해결
3121,해군
3122,해답
3123,해당
3124,해물
3125,해석
3126,해설
3127,해소
3128,해수욕장
3129,해안
3130,해외
3131,해외여행
3132,핵
3133,핵심
3134,핸드백
3135,핸드폰
3136,햄
3137,햄버거
3138,햇볕
3139,햇빛
3140,햇살
3141,행동
3142,행복
3143,행사
3144,행운
3145,행위
3146,향
3147,향기
3148,향상
3149,향수
3150,허가
3151,허락
3152,허리
3153,허용
3154,헬기
3155,혀
3156,현관
3157,현관문
3158,현금
3159,현대
3160,현대인
3161,현대적
3162,현상
3163,현실
3164,현실적
3165,현장
3166,현재
3167,현지
3168,혈액
3169,협력
3170,형
3171,형님
3172,형부
3173,형사
3174,형성
3175,형수
3176,형식
3177,형식적
3178,형제
3179,형태
3180,형편
3181,혜택
3182,호기심
3183,호남
3184,호랑이
3185,호박
3186,호수
3187,호실
3188,호주머니
3189,호텔
3190,호흡
3191,혼자
3192,혼잣말
3193,홈페이지
3194,홍보
3195,홍수
3196,홍차
3197,화
3198,화가
3199,화면
3200,화분
3201,화살
3202,화요일
3203,화장
3204,화장실
3205,화장지
3206,화장품
3207,화재
3208,화제
3209,화학
3210,확보
3211,확신
3212,확인
3213,확장
3214,확정
3215,환갑
3216,환경
3217,환경오염
3218,환영
3219,환율
3220,환자
3221,활기
3222,활동
3223,활용
3224,회견
3225,회관
3226,회복
3227,회사
3228,회색
3229,회원
3230,회의
3231,회장
3232,회전
3233,회화
3234,횟수
3235,횡단보도
3236,효과
3237,효과적
3238,효도
3239,효율적
3240,효자
3241,후
3242,후기
3243,후반
3244,후배
3245,후보
3246,후춧가루
3247,후회
3248,훈련
3249,휴가
3250,휴식
3251,휴일
3252,휴지
3253,휴지통
3254,흉내
3255,흐름
3256,흑백
3257,흑인
3258,흔적
3259,흙
3260,흥미
3261,흥분
3262,희곡
3263,희망
3264,희생
3265,흰색
3266,힘
